<?xml version='1.0' encoding='utf-8' standalone='yes' ?>
<map>
    <string name="prev_event_name">number_verified</string>
    <long name="prev_event_timestamp" value="1756712556355" />
    <int name="appsFlyerInAppEventCount" value="2" />
    <long name="prev_session_dur" value="8" />
    <string name="afUninstallToken">f6exJhSOTb6O9x_kI6wT9n:APA91bH_O5w78BrZzwF7MOSRnWDnuiYSdNUzkS9meV1_1xywxw9W3J6yBLrTmCL_FMc6Jf1PhWkYfPKOWswtyywSqEhevBpo66jqCEVz4ykP5LmACgb3DVo</string>
    <boolean name="ddl_sent" value="true" />
    <long name="af_rc_max_age" value="86400" />
    <string name="sentSuccessfully">true</string>
    <int name="versionCode" value="20252101" />
    <string name="af_remote_config">eyJmZWF0dXJlcyI6e30sInZlciI6ImRlZmF1bHQudjEuMTYzNzE0OTUyOSJ9</string>
    <boolean name="sentRegisterRequestToAF" value="true" />
    <string name="savedProperties">{&quot;uid&quot;:&quot;1756712520324-4199383005103083797&quot;,&quot;waitForCustomerId&quot;:&quot;false&quot;,&quot;logLevel&quot;:&quot;0&quot;,&quot;AppUserId&quot;:&quot;f544f3314dd049d2&quot;}</string>
    <string name="AF_INSTALLATION">1756712520324-4199383005103083797</string>
    <boolean name="afUninstallToken_queued" value="false" />
    <int name="appsFlyerCount" value="6" />
    <long name="AppsFlyerTimePassedSincePrevLaunch" value="1756900317632" />
    <boolean name="newGPReferrerSent" value="true" />
    <long name="af_rc_timestamp" value="1756900111915" />
    <string name="first_launch">{&quot;net&quot;:811,&quot;from_fg&quot;:600,&quot;start_with&quot;:&quot;application&quot;,&quot;init_to_fg&quot;:58}</string>
    <string name="appsFlyerFirstInstall">2025-09-01_131200+0530</string>
    <long name="afUninstallToken_received_time" value="1756900319819" />
    <string name="attributionId">{&quot;install_time&quot;:&quot;2025-09-01 07:42:02.610&quot;,&quot;af_message&quot;:&quot;organic install&quot;,&quot;af_status&quot;:&quot;Organic&quot;,&quot;is_first_launch&quot;:false}</string>
</map>
