<?xml version='1.0' encoding='utf-8' standalone='yes' ?>
<map>
    <long name="first_open_time" value="1756712519709" />
    <string name="gmp_app_id">1:412826138735:android:8a32f791e415634f2ff59a</string>
    <string name="app_instance_id">ddbee942a8468826b9f764943270cc19</string>
    <boolean name="app_backgrounded" value="false" />
    <long name="session_id" value="1756900317" />
    <long name="health_monitor:start" value="1756900317288" />
    <boolean name="use_service" value="true" />
    <boolean name="deferred_analytics_collection" value="false" />
    <string name="default_event_parameters">[{&quot;n&quot;:&quot;sc_session_id&quot;,&quot;v&quot;:&quot;2799994192_a9eb8c60-c725-40a2-97d6-58c468b0cfe6&quot;,&quot;t&quot;:&quot;s&quot;}]</string>
    <string name="previous_os_version">13</string>
    <boolean name="has_been_opened" value="true" />
    <boolean name="allow_remote_dynamite" value="true" />
    <long name="last_pause_time" value="1756900325669" />
    <boolean name="start_new_session" value="false" />
</map>
