<?xml version='1.0' encoding='utf-8' standalone='yes' ?>
<map>
    <set name="fire-cls/18.4.1 android-installer/bin.mt.plus.canary fire-analytics/21.3.0 fire-analytics-ktx/21.3.0 fire-fcm/23.2.1 kotlin/2.0.0 fire-abt/21.1.1 fire-sessions/1.0.2 fire-core/20.3.3 fire-cls-ndk/18.4.1 fire-perf-ktx/unspecified fire-fst-ktx/unspecified android-min-sdk/21 android-platform/ fire-transport/18.1.8 android-target-sdk/33 fire-perf/20.4.1 fire-core-ktx/unspecified device-brand/6059da831caf2aa2 fire-fst/24.7.1 fire-android/33 fire-db-ktx/unspecified fire-fcm-ktx/unspecified device-name/b14d463192e7514a fire-installations/17.1.4 fire-rc/21.4.1 fire-rtdb/20.2.2 device-model/aae175e07bf2229b">
        <string>2025-09-01</string>
    </set>
    <long name="fire-count" value="2" />
    <string name="last-used-date">2025-09-03</string>
    <long name="fire-global" value="1756900316921" />
</map>
