<?xml version='1.0' encoding='utf-8' standalone='yes' ?>
<map>
    <string name="auid">e8b763c3-2c07-4724-bac8-648ca29d046f</string>
    <string name="search_keys">{&quot;success&quot;:&quot;&quot;,&quot;fail&quot;:&quot;&quot;,&quot;searchKeys&quot;:[&quot;market://&quot;,&quot;play.google.com&quot;],&quot;acknowledgeWith&quot;:&quot;acknowledgeMessage&quot;,&quot;declineWith&quot;:&quot;errorTest&quot;}</string>
    <string name="ssaGlobalAppData">{&quot;controllerVersion&quot;:&quot;2976&quot;,&quot;adPlayerVersion&quot;:&quot;0.1.6839&quot;}</string>
    <string name="version">8.3.0</string>
</map>
