{"Fid":"f6exJhSOTb6O9x_kI6wT9n","Status":3,"AuthToken":"eyJhbGciOiJFUzI1NiIsInR5cCI6IkpXVCJ9.eyJhcHBJZCI6IjE6NDEyODI2MTM4NzM1OmFuZHJvaWQ6OGEzMmY3OTFlNDE1NjM0ZjJmZjU5YSIsImV4cCI6MTc1NzMxNzMyMSwiZmlkIjoiZjZleEpoU09UYjZPOXhfa0k2d1Q5biIsInByb2plY3ROdW1iZXIiOjQxMjgyNjEzODczNX0.AB2LPV8wRQIhAO_yA_R9jmguHRQwsuPmQQzysMu94Xl5pMw2NWrgvmmZAiAWb-sEiDnXBqBtMeg5yyZ2d8k1TnAqrqramPwONr-Ttg","RefreshToken":"3_AS3qfwKg6YQ1Hh_ItbaNh40yEYbQqKi8KAkA6bVLvM-XSfkfQRqSNpAQg1VIDGJmA6i0LRLdkVRtBhwf-NWxhUY2ABaVBVMM7nNz0Cv34uNlA84","TokenCreationEpochInSecs":1756712520,"ExpiresInSecs":604800}